Workbook

Sheet Inputs
A1: SQL Projects Workbook
A2: Inputs | B2: 0 | C2: Minimum order amount scenario
A3: Change the value in B2 to show only orders at or above that amount.
A5: Customer ID | B5: Customer Name | C5: City | E5: Order ID | F5: Customer ID | G5: Product | H5: Total Amount
A6: 101 | B6: Ada | C6: Lagos | E6: 1001 | F6: 101 | G6: Laptop | H6: 450000
A7: 102 | B7: John | C7: Abuja | E7: 1002 | F7: 102 | G7: Phone | H7: 180000
A8: 103 | B8: Mercy | C8: Owerri | E8: 1003 | F8: 101 | G8: Monitor | H8: 150000
A9: 104 | B9: David | C9: Enugu | E9: 1004 | F9: 105 | G9: Tablet | H9: 120000
A10: 105 | B10: Grace | C10: Lagos | E10: 1005 | F10: 103 | G10: Laptop | H10: 450000

Sheet Calcs
A1: Calculation Layer
A3: Order ID | B3: Customer ID | C3: Product | D3: Order Amount | E3: Customer Name | F3: City | G3: Order Key | H3: Scenario | I3: First Customer Order | J3: Display Order
A4: =Inputs!E6 | B4: =Inputs!F6 | C4: =Inputs!G6 | D4: =Inputs!H6 | E4: =IFERROR(XLOOKUP(B4,Inputs!$A$6:$A$10,Inputs!$B$6:$B$10,""),"") | F4: =IFERROR(XLOOKUP(B4,Inputs!$A$6:$A$10,Inputs!$C$6:$C$10,""),"") | G4: =IFERROR(A4&"-"&B4,"") | H4: =IF(D4>=Inputs!$B$2,"Include","Exclude") | I4: =IF(COUNTIFS($B$4:B4,B4)=1,"Yes","No") | J4: =IF(H4="Include",COUNTIFS($H$4:H4,"Include"),"")
A5: =Inputs!E7 | B5: =Inputs!F7 | C5: =Inputs!G7 | D5: =Inputs!H7 | E5: =IFERROR(XLOOKUP(B5,Inputs!$A$6:$A$10,Inputs!$B$6:$B$10,""),"") | F5: =IFERROR(XLOOKUP(B5,Inputs!$A$6:$A$10,Inputs!$C$6:$C$10,""),"") | G5: =IFERROR(A5&"-"&B5,"") | H5: =IF(D5>=Inputs!$B$2,"Include","Exclude") | I5: =IF(COUNTIFS($B$4:B5,B5)=1,"Yes","No") | J5: =IF(H5="Include",COUNTIFS($H$4:H5,"Include"),"")
A6: =Inputs!E8 | B6: =Inputs!F8 | C6: =Inputs!G8 | D6: =Inputs!H8 | E6: =IFERROR(XLOOKUP(B6,Inputs!$A$6:$A$10,Inputs!$B$6:$B$10,""),"") | F6: =IFERROR(XLOOKUP(B6,Inputs!$A$6:$A$10,Inputs!$C$6:$C$10,""),"") | G6: =IFERROR(A6&"-"&B6,"") | H6: =IF(D6>=Inputs!$B$2,"Include","Exclude") | I6: =IF(COUNTIFS($B$4:B6,B6)=1,"Yes","No") | J6: =IF(H6="Include",COUNTIFS($H$4:H6,"Include"),"")
A7: =Inputs!E9 | B7: =Inputs!F9 | C7: =Inputs!G9 | D7: =Inputs!H9 | E7: =IFERROR(XLOOKUP(B7,Inputs!$A$6:$A$10,Inputs!$B$6:$B$10,""),"") | F7: =IFERROR(XLOOKUP(B7,Inputs!$A$6:$A$10,Inputs!$C$6:$C$10,""),"") | G7: =IFERROR(A7&"-"&B7,"") | H7: =IF(D7>=Inputs!$B$2,"Include","Exclude") | I7: =IF(COUNTIFS($B$4:B7,B7)=1,"Yes","No") | J7: =IF(H7="Include",COUNTIFS($H$4:H7,"Include"),"")
A8: =Inputs!E10 | B8: =Inputs!F10 | C8: =Inputs!G10 | D8: =Inputs!H10 | E8: =IFERROR(XLOOKUP(B8,Inputs!$A$6:$A$10,Inputs!$B$6:$B$10,""),"") | F8: =IFERROR(XLOOKUP(B8,Inputs!$A$6:$A$10,Inputs!$C$6:$C$10,""),"") | G8: =IFERROR(A8&"-"&B8,"") | H8: =IF(D8>=Inputs!$B$2,"Include","Exclude") | I8: =IF(COUNTIFS($B$4:B8,B8)=1,"Yes","No") | J8: =IF(H8="Include",COUNTIFS($H$4:H8,"Include"),"")

Sheet Outputs
A1: SQL Projects Report
A2: Customers with orders, filtered by the selected minimum order amount
A4: Orders shown | B4: =COUNTIFS(Calcs!$H$4:$H$8,"Include") | C4: Revenue shown | D4: =SUMIFS(Calcs!$D$4:$D$8,Calcs!$H$4:$H$8,"Include")
A6: Customers shown | B6: =COUNTIFS(Calcs!$I$4:$I$8,"Yes",Calcs!$H$4:$H$8,"Include") | C6: Average order | D6: =IFERROR(D4/B4,0)
A8: Scenario minimum | B8: =Inputs!$B$2 | C8: Edit Inputs!B2 to switch the report scenario.
A10: Customer Name | B10: City | C10: Product | D10: Order Amount | E10: Order ID
A11: =IFERROR(INDEX(Calcs!$E$4:$E$8,MATCH(ROWS($A$11:A11),Calcs!$J$4:$J$8,0)),"") | B11: =IFERROR(INDEX(Calcs!$F$4:$F$8,MATCH(ROWS($A$11:A11),Calcs!$J$4:$J$8,0)),"") | C11: =IFERROR(INDEX(Calcs!$C$4:$C$8,MATCH(ROWS($A$11:A11),Calcs!$J$4:$J$8,0)),"") | D11: =IFERROR(INDEX(Calcs!$D$4:$D$8,MATCH(ROWS($A$11:A11),Calcs!$J$4:$J$8,0)),"") | E11: =IFERROR(INDEX(Calcs!$A$4:$A$8,MATCH(ROWS($A$11:A11),Calcs!$J$4:$J$8,0)),"")
A12: =IFERROR(INDEX(Calcs!$E$4:$E$8,MATCH(ROWS($A$11:A12),Calcs!$J$4:$J$8,0)),"") | B12: =IFERROR(INDEX(Calcs!$F$4:$F$8,MATCH(ROWS($A$11:A12),Calcs!$J$4:$J$8,0)),"") | C12: =IFERROR(INDEX(Calcs!$C$4:$C$8,MATCH(ROWS($A$11:A12),Calcs!$J$4:$J$8,0)),"") | D12: =IFERROR(INDEX(Calcs!$D$4:$D$8,MATCH(ROWS($A$11:A12),Calcs!$J$4:$J$8,0)),"") | E12: =IFERROR(INDEX(Calcs!$A$4:$A$8,MATCH(ROWS($A$11:A12),Calcs!$J$4:$J$8,0)),"")
A13: =IFERROR(INDEX(Calcs!$E$4:$E$8,MATCH(ROWS($A$11:A13),Calcs!$J$4:$J$8,0)),"") | B13: =IFERROR(INDEX(Calcs!$F$4:$F$8,MATCH(ROWS($A$11:A13),Calcs!$J$4:$J$8,0)),"") | C13: =IFERROR(INDEX(Calcs!$C$4:$C$8,MATCH(ROWS($A$11:A13),Calcs!$J$4:$J$8,0)),"") | D13: =IFERROR(INDEX(Calcs!$D$4:$D$8,MATCH(ROWS($A$11:A13),Calcs!$J$4:$J$8,0)),"") | E13: =IFERROR(INDEX(Calcs!$A$4:$A$8,MATCH(ROWS($A$11:A13),Calcs!$J$4:$J$8,0)),"")
A14: =IFERROR(INDEX(Calcs!$E$4:$E$8,MATCH(ROWS($A$11:A14),Calcs!$J$4:$J$8,0)),"") | B14: =IFERROR(INDEX(Calcs!$F$4:$F$8,MATCH(ROWS($A$11:A14),Calcs!$J$4:$J$8,0)),"") | C14: =IFERROR(INDEX(Calcs!$C$4:$C$8,MATCH(ROWS($A$11:A14),Calcs!$J$4:$J$8,0)),"") | D14: =IFERROR(INDEX(Calcs!$D$4:$D$8,MATCH(ROWS($A$11:A14),Calcs!$J$4:$J$8,0)),"") | E14: =IFERROR(INDEX(Calcs!$A$4:$A$8,MATCH(ROWS($A$11:A14),Calcs!$J$4:$J$8,0)),"")
A15: =IFERROR(INDEX(Calcs!$E$4:$E$8,MATCH(ROWS($A$11:A15),Calcs!$J$4:$J$8,0)),"") | B15: =IFERROR(INDEX(Calcs!$F$4:$F$8,MATCH(ROWS($A$11:A15),Calcs!$J$4:$J$8,0)),"") | C15: =IFERROR(INDEX(Calcs!$C$4:$C$8,MATCH(ROWS($A$11:A15),Calcs!$J$4:$J$8,0)),"") | D15: =IFERROR(INDEX(Calcs!$D$4:$D$8,MATCH(ROWS($A$11:A15),Calcs!$J$4:$J$8,0)),"") | E15: =IFERROR(INDEX(Calcs!$A$4:$A$8,MATCH(ROWS($A$11:A15),Calcs!$J$4:$J$8,0)),"")
